{
  "project_info": {
    "project_number": "162915847464",
    "project_id": "meg-surveyor-app-7f6ab",
    "storage_bucket": "meg-surveyor-app-7f6ab.appspot.com"
  },
  "client": [
    {
      "client_info": {
        "mobilesdk_app_id": "1:162915847464:android:c659c4525e2f738235541d",
        "android_client_info": {
          "package_name": "com.meg.surveyor.app"
        }
      },
      "oauth_client": [],
      "api_key": [
        {
          "current_key": "AIzaSyCog9bfZUU6lsQbG3MBx04MQgzphWlDxJQ"
        }
      ],
      "services": {
        "appinvite_service": {
          "other_platform_oauth_client": []
        }
      }
    }
  ],
  "configuration_version": "1"
}